person_id,start_time,end_time
135,2022-03-24 15:49:13,2022-03-24 17:49:13
136,2022-03-18 23:26:49,2022-03-18 23:26:49
137,2022-03-16 02:39:24,2022-03-16 04:39:24
138,2022-03-29 23:06:36,2022-03-29 23:06:36
139,2022-03-28 18:21:43,2022-03-28 22:21:43
140,2022-03-19 08:10:03,2022-03-19 09:10:03
141,2022-03-18 11:06:47,2022-03-18 15:06:47
142,2022-03-20 11:54:49,2022-03-20 15:54:49
143,2022-03-31 06:49:46,2022-03-31 09:49:46
144,2022-03-23 07:02:44,2022-03-23 11:02:44
145,2022-03-19 11:06:15,2022-03-19 12:06:15
146,2022-03-26 02:56:30,2022-03-26 04:56:30
147,2022-03-25 08:50:05,2022-03-25 12:50:05
148,2022-03-28 22:46:15,2022-03-28 23:46:15
149,2022-03-16 02:30:43,2022-03-16 06:30:43
150,2022-03-23 22:06:30,2022-03-23 23:06:30
