person_id,credit_card_no,exp
1,180085651455639,2024-02-01
2,213100125966029,2026-07-01
3,4748753697888983,2023-05-01
4,4440661325330339,2030-10-01
5,4533681701135258,2031-11-01
6,4480300458445,2032-04-01
7,3574744091007099,2024-10-01
8,4936203092100587834,2026-05-01
9,4994304997083,2032-05-01
10,6512260491923700,2023-04-01
11,6011561737536297,2022-07-01
12,4402565072618019889,2033-06-01
13,4015434542766965,2033-10-01
14,3591994132792519,2028-01-01
15,6554527340411379,2023-12-01
16,6011577286699302,2030-02-01
17,2255771335178103,2022-06-01
18,3526616874765458,2027-12-01
19,3546729732253363,2026-10-01
20,676212584475,2026-11-01
21,30139839523651,2026-12-01
22,38660637521417,2035-02-01
23,4263357203410988,2028-09-01
24,3594417102033000,2024-05-01
25,4497421760365726284,2027-06-01
26,2286600241840022,2034-03-01
27,30202246853945,2022-10-01
28,4510422743937157765,2030-03-01
29,36790440967283,2027-11-01
30,3556137856997160,2022-02-01
31,370989231527793,2033-01-01
32,4158428347596541467,2026-03-01
33,4573750085256558904,2025-11-01
34,4471653144187422,2028-05-01
35,6011368110621930,2034-08-01
36,675985158343,2026-12-01
37,6597295630434886,2029-06-01
38,4074709350349493,2022-11-01
39,639035601595,2024-11-01
40,180071888771550,2035-11-01
41,3550788397574524,2029-10-01
42,213157066084956,2029-09-01
43,30118190531669,2026-01-01
44,340046532468263,2035-04-01
45,4566708215294,2032-01-01
46,3518409268893213,2026-02-01
47,342720201657467,2034-06-01
48,4223707680987644969,2022-12-01
49,4662469643723,2030-01-01
50,3533013473582644,2023-02-01
51,4125135806502437,2028-01-01
52,30257003262623,2035-10-01
53,3501665191910320,2024-11-01
54,4700380587296,2034-10-01
55,213176068928598,2023-03-01
56,3547188482447502,2025-03-01
57,3545465331420696,2028-07-01
58,180042585696382,2022-01-01
59,578283407315,2033-03-01
60,180064011812219,2029-10-01
61,2720605163527535,2034-09-01
62,4798869576534560,2026-03-01
63,4431557106932971752,2032-01-01
64,370221872539527,2033-09-01
65,346877670927957,2031-02-01
66,372961841788436,2035-02-01
67,378787320201946,2031-03-01
68,501884669182,2024-02-01
69,3581184168241068,2025-12-01
70,4065341731559748,2035-08-01
71,4047408884004332336,2030-10-01
72,30462377343161,2030-03-01
73,180062970418937,2035-12-01
74,30407374169333,2030-06-01
75,676120683567,2034-01-01
76,4918132226468779,2024-12-01
77,3501186953210627,2034-09-01
78,370617996701697,2024-03-01
79,3533458219366747,2024-01-01
80,4668100642644229013,2034-10-01
81,375860308574148,2026-04-01
82,342589559899132,2032-09-01
83,3595186739323881,2029-11-01
84,3531838985370993,2025-10-01
85,4407336232872412652,2034-08-01
86,639036406424,2023-04-01
87,5292053725151661,2025-11-01
88,340128316883410,2028-10-01
89,4599406654850727877,2025-05-01
90,3508436139130444,2029-11-01
91,2274423293099064,2024-11-01
92,4585391115112508,2035-03-01
93,4214832574350260,2030-10-01
94,6011548198467021,2034-08-01
95,30116742856626,2032-08-01
96,4535321588574038425,2028-05-01
97,348317610581133,2026-08-01
98,630481902900,2023-09-01
99,347439374512152,2025-04-01
100,4805570414563487,2033-07-01
101,4328732548400,2027-04-01
102,30187760568369,2032-05-01
103,3530385924055294,2031-02-01
104,6011681014790670,2030-12-01
105,2265994516316361,2028-05-01
106,3588008551898239,2028-11-01
107,4992158190599,2031-10-01
108,348435732264733,2030-10-01
109,4647784205984339,2023-03-01
110,4218998857305387822,2026-03-01
111,379113578273488,2024-02-01
112,3500567931207192,2030-09-01
113,213119579987836,2030-11-01
114,4420296388644,2023-02-01
115,346103501210269,2027-01-01
116,6560384086798516,2027-08-01
117,4484879404079,2031-09-01
118,4318823785661160,2034-01-01
119,589622636381,2024-06-01
120,213114813660604,2029-11-01
121,340990601583801,2031-06-01
122,582359942163,2035-09-01
123,30311789331597,2028-07-01
124,4612481630731259,2024-03-01
125,30551705567515,2028-02-01
126,4585743346062,2022-07-01
127,3576597907400199,2032-04-01
128,4541997332978738,2035-03-01
129,180038221552633,2034-10-01
130,370458389286297,2034-11-01
131,3592474980650498,2034-05-01
132,213103850148300,2032-04-01
133,6537499737289275,2025-05-01
134,4504819295715,2033-12-01
